record_id,parent_id,record_type,category,pillar,indicator,indicator_code,indicator_direction,value_numeric,value_text,value_type,unit,observation_date,period_start,period_end,fiscal_year,gender,location,region,source_name,source_type,source_url,confidence,related_indicator,relationship_type,impact_direction,impact_magnitude,impact_estimate,lag_months,evidence_basis,comparable_country,collected_by,collection_date,original_text,notes,duration_months,duration_rationale
IMP_0001,EVT_0001,impact_link,,ACCESS,Telebirr effect on Account Ownership,,,15.0,,percentage,%,2021-05-17,,,,all,national,,,,https://www.worldbank.org/en/publication/globalfindex/brief/financial-inclusion-in-sub-saharan-africa-overview,medium,ACC_OWNERSHIP,direct,increase,high,15.0,12,literature,Kenya,Example_Trainee,2025-01-20,,"Kenya M-Pesa showed +20pp over 5 years Verified 2026-07-19: Kenya account ownership rose 51%(2011)->75%(2014)->82%(2017)->90%(2021), broadly consistent with this link's '+20pp over 5 years' claim, per World Bank Findex regional brief.",12,Account ownership is survey-measured (slow to shift) vs a direct product metric
IMP_0002,EVT_0001,impact_link,,USAGE,Telebirr effect on Telebirr Users,,,,,count,users,2021-05-17,,,,all,national,,,,,high,USG_TELEBIRR_USERS,direct,increase,high,,3,empirical,,Example_Trainee,2025-01-20,,Direct subscriber acquisition,3,Direct subscriber sign-up is fast
IMP_0003,EVT_0001,impact_link,,USAGE,Telebirr effect on P2P Transactions,,,25.0,,percentage,%,2021-05-17,,,,all,national,,,,,medium,USG_P2P_COUNT,direct,increase,high,25.0,6,empirical,,Example_Trainee,2025-01-20,,New digital payment channel,6,P2P usage habit formation takes longer than sign-up
IMP_0004,EVT_0002,impact_link,,ACCESS,Safaricom effect on 4G Coverage,,,15.0,,percentage,%,2022-08-01,,,,all,national,,,,,medium,ACC_4G_COV,direct,increase,medium,15.0,12,empirical,,Example_Trainee,2025-01-20,,Network investment from competition,12,Network infrastructure buildout takes time
IMP_0005,EVT_0002,impact_link,,AFFORDABILITY,Safaricom effect on Data Affordability,,,-20.0,,percentage,%,2022-08-01,,,,all,national,,,,,medium,AFF_DATA_INCOME,indirect,decrease,medium,-20.0,12,literature,Rwanda,Example_Trainee,2025-01-20,,Competition typically reduces prices NOT verified with a live source this session -- source_url intentionally left blank rather than guessed. Inherited from the original starter dataset.,6,Price competition effects show up within 1-2 quarters
IMP_0006,EVT_0003,impact_link,,USAGE,M-Pesa effect on M-Pesa Users,,,,,count,users,2023-08-01,,,,all,national,,,,,high,USG_MPESA_USERS,direct,increase,high,,3,empirical,,Example_Trainee,2025-01-20,,Direct subscriber acquisition,3,Direct subscriber sign-up is fast
IMP_0007,EVT_0003,impact_link,,ACCESS,M-Pesa effect on Mobile Money Account Rate,,,5.0,,percentage,%,2023-08-01,,,,all,national,,,,,medium,ACC_MM_ACCOUNT,direct,increase,medium,5.0,6,theoretical,,Example_Trainee,2025-01-20,,Second provider adds incremental accounts,9,Second-provider incremental accounts build over multiple quarters
IMP_0008,EVT_0004,impact_link,,ACCESS,Fayda effect on Account Ownership,,,10.0,,percentage,%,2024-01-01,,,,all,national,,,,https://www.imf.org/external/pubs/ft/fandd/2021/07/india-stack-financial-access-and-digital-inclusion.htm,medium,ACC_OWNERSHIP,enabling,increase,medium,10.0,24,literature,India,Example_Trainee,2025-01-20,,"Aadhaar enabled +15-20% account opening in India Partially verified 2026-07-19: IMF F&D confirms ~1.2 billion Indians enrolled in Aadhaar, about half linked to a bank account -- supports the qualitative direction of this claim. The specific '+15-20% account opening' figure in this link's original note was NOT independently re-verified this session and should be treated with more caution than the Kenya/Tanzania citations above.",18,National ID rollout and linkage to accounts is a multi-year process (India Aadhaar took years to reach scale)
IMP_0009,EVT_0004,impact_link,,GENDER,Fayda effect on Gender Gap,,,-5.0,,gap_pp,pp,2024-01-01,,,,all,national,,,,,medium,GEN_GAP_ACC,indirect,decrease,medium,-5.0,24,literature,India,Example_Trainee,2025-01-20,,Women disproportionately lack traditional ID NOT verified with a live source this session -- source_url intentionally left blank rather than guessed. Inherited from the original starter dataset.,18,Same rollout timeline as IMP_0008
IMP_0010,EVT_0005,impact_link,,AFFORDABILITY,FX Reform effect on Data Affordability,,,30.0,,percentage,%,2024-07-29,,,,all,national,,,,,high,AFF_DATA_INCOME,indirect,increase,high,30.0,3,empirical,,Example_Trainee,2025-01-20,,Currency depreciation raises effective costs,3,FX/pricing effects on affordability are fast-moving
IMP_0011,EVT_0007,impact_link,,USAGE,M-Pesa Interop effect on M-Pesa Active Users,,,15.0,,percentage,%,2025-10-27,,,,all,national,,,,https://www.worldbank.org/en/publication/globalfindex/brief/data-from-the-global-findex-2021-the-impact-of-mobile-money-in-sub-saharan-africa,medium,USG_MPESA_ACTIVE,direct,increase,medium,15.0,3,literature,Tanzania,Example_Trainee,2025-01-20,,"Tanzania interoperability increased usage +20% Verified 2026-07-19: Tanzania mobile money account ownership rose from 32%(2014) to 45%(2021), consistent with this link's Tanzania interoperability citation, per World Bank Findex 2021 SSA brief.",9,Interoperability usage habits build over several quarters
IMP_0012,EVT_0007,impact_link,,USAGE,M-Pesa Interop effect on P2P Count,,,10.0,,percentage,%,2025-10-27,,,,all,national,,,,https://www.worldbank.org/en/publication/globalfindex/brief/data-from-the-global-findex-2021-the-impact-of-mobile-money-in-sub-saharan-africa,medium,USG_P2P_COUNT,direct,increase,medium,10.0,3,literature,Tanzania,Example_Trainee,2025-01-20,,Cross-platform transactions now possible Verified 2026-07-19: same Tanzania source as IMP_0011.,9,Same as IMP_0011
IMP_0013,EVT_0008,impact_link,,USAGE,EthioPay effect on P2P Count,,,15.0,,percentage,%,2025-12-18,,,,all,national,,,,,medium,USG_P2P_COUNT,indirect,increase,medium,15.0,6,literature,India,Example_Trainee,2025-01-20,,India UPI showed +25% volume increase NOT verified with a live source this session -- source_url intentionally left blank rather than guessed. Inherited from the original starter dataset.,6,Instant payment adoption typically faster than account-level effects
IMP_0014,EVT_0010,impact_link,,AFFORDABILITY,Safaricom Price Hike effect on Data Affordability,,,10.0,,percentage,%,2025-12-15,,,,all,national,,,,,high,AFF_DATA_INCOME,direct,increase,low,10.0,1,empirical,,Example_Trainee,2025-01-20,,Direct price increase (may be offset by switching),3,Price changes have fast-moving affordability effects
IMP_0017,EVT_0011,impact_link,,ACCESS,ASCENT Ethiopia Electrification Program Approval effect on Mobile Money Account Rate,,,,,,,,,,,,,,,,,estimated,ACC_MM_ACCOUNT,enabling,increase,low,3.0,24,theoretical,,Meklit,2026-07-17,,"Electrification is an enabling (not direct) relationship: reliable power supports agent uptime, device charging, and network coverage, which indirectly supports account access over a longer lag (24mo, matching multi-year program rollout). Estimate: +3pp on ACC_MM_ACCOUNT over the long run, set low relative to product-launch effects (e.g. IMP_0007=5pp for a second MM provider) since electrification is an indirect enabler, not a financial product itself. No comparable-country study directly quantifies this pathway; treated as a conservative theoretical estimate.",24,"Electrification is a multi-year infrastructure program, matches its own 24mo lag"
IMP_0018,EVT_0006,impact_link,,USAGE,P2P Transaction Count Surpasses ATM effect on Payment Method Crossover,,,,,,,,,,,,,,,,,high,USG_CROSSOVER,direct,stabilize,medium,0.0,0,empirical,,Meklit,2026-07-17,,"CORRECTED GAP: EVT_0006 (P2P Surpasses ATM milestone) actually had zero impact_links, not EVT_0007/0008 as originally (incorrectly) flagged. This link is close to definitional - the milestone IS the crossover ratio passing 1.0 (see USG_CROSSOVER, REC_0020), so evidence_basis is empirical and confidence is high rather than estimated. impact_estimate intentionally 0: this link is definitional/structural (the milestone IS the crossover ratio passing 1.0, see USG_CROSSOVER/REC_0020) rather than an incremental causal effect, so no magnitude estimate applies in the same sense as a product launch.",0,"Definitional/structural link, not a ramping effect"
IMP_0019,EVT_0009,impact_link,,ACCESS,NFIS-II Strategy Launch effect on Account Ownership,,,,,,,,,,,,,,,,,estimated,ACC_OWNERSHIP,enabling,increase,medium,5.0,36,theoretical,,Meklit,2026-07-17,,"CORRECTED GAP: EVT_0009 (NFIS-II Strategy Launch, Sep 2021) had zero impact_links. A national strategy is a policy umbrella, not a direct product change, so its effect on account ownership is indirect/enabling with a long lag (~3yr) rather than an immediate, measurable jump. Estimated/theoretical since no source directly attributes an ownership increase to the strategy launch itself, as opposed to the specific products it enabled (Telebirr, Fayda, etc., which are already linked separately). Estimate: +5pp on ACC_OWNERSHIP, deliberately smaller than product-specific launches (Telebirr=15pp, Fayda=10pp) since NFIS-II is a policy umbrella whose concrete effects are already captured through the specific products it enabled. No comparable-country study isolates a national-strategy-launch effect distinct from its constituent programs; treated as a conservative theoretical estimate to avoid double-counting with Telebirr/Fayda's own links.",24,National strategy effects are diffuse and slow to attribute
IMP_0020,EVT_0012,impact_link,,TRUST,CBE Core Banking System Glitch effect on Banking Sector Fraud Losses,,,,,,,,,,,,,,,,,medium,TRUST_FRAUD_LOSS,direct,decrease,medium,-10.0,1,empirical,,Meklit,2026-07-18,,"High-profile, widely reported incident at Ethiopia's dominant bank (60%+ of deposits, 38M account holders) plausibly dented public trust in digital banking reliability in the following months. 'decrease' means the event decreases TRUST-pillar standing (i.e., worsens the trust indicator), not that it decreases fraud losses. Estimate: -10% relative effect on TRUST-pillar standing (proxied via fraud-loss trend), short 1-month lag matching acute reputational impact of a widely-reported single incident. No formal study quantifies single-incident trust erosion in Ethiopia's banking sector; treated as an approximate, qualitative-to-numeric translation, confidence medium.",3,Acute reputational effects from a single incident fade relatively quickly